"id","form","spj","sp","family_jp","family"
787801050,"h","アイイタドリ","Fallopia x bohemica (Chrtek et Chrtková) J.P.Bailey","タデ科","Polygonaceae"
787963020,"bl","アオダモ","Fraxinus lanuginosa Koidz.  f. serrata (Nakai) Murata","モクセイ科","Oleaceae"
787921240,"ds","アオノツガザクラ","Phyllodoce aleutica (Spreng.) A.Heller","ツツジ科","Ericaceae"
787401090,"h","アカショウマ","Astilbe thunbergii (Siebold et Zucc.) Miq.  var. thunbergii","ユキノシタ科","Saxifragaceae"
787971050,"bs","アカミノイヌツゲ","Ilex sugerokii Maxim.  var. brevipedunculata (Maxim.) S.Y.Hu","モチノキ科","Aquifoliaceae"
781001070,"h","アカミノルイヨウショウマ","Actaea erythrocarpa (Turcz. ex Ledeb.) Fisch. ex Freyn","キンポウゲ科","Ranunculaceae"
787921240,"ds","アカモノ","Gaultheria adenothrix (Miq.) Maxim.","ツツジ科","Ericaceae"
781001070,"h","アキカラマツ","Thalictrum minus L.  var. hypoleucum (Siebold et Zucc.) Miq.","キンポウゲ科","Ranunculaceae"
787972110,"h","アキノキリンソウ","Solidago virgaurea L.  subsp. asiatica (Nakai ex H.Hara) Kitam. ex H.Hara","キク科","Asteraceae"
787921240,"bs","アクシバ","Vaccinium japonicum Miq.","ツツジ科","Ericaceae"
776005090,"h","イグサ","Juncus decipiens (Buchenau) Nakai","イグサ科","Juncaceae"
787801050,"h","イタドリ","Fallopia japonica (Houtt.) Ronse Decr.  var. japonica","タデ科","Polygonaceae"
787563050,"bl","イタヤカエデ","Acer pictum Thunb.  subsp. dissectum (Wesm.) H.Ohashi","ムクロジ科","Sapindaceae"
787921240,"h","イチヤクソウ","Pyrola japonica Klenze ex Alef.","ツツジ科","Ericaceae"
775001010,"h","イチヨウラン","Dactylostalix ringens Rchb.f.","ラン科","Orchidaceae"
500007090,"f","イヌガンソク","Pentarhizidium orientale (Hook.) Hayata","コウヤワラビ科","Onocleaceae"
500007070,"f","イヌワラビ","Anisocampium niponicum (Mett.) Y.C.Liu, W.L.Chiou et M.Kato","メシダ科","Athyriaceae"
787963150,"h","イブキコゴメグサ","Euphrasia insignis Wettst.  subsp. iinumae (Takeda) T.Yamaz.","ハマウツボ科","Orobanchaceae"
787963020,"ds","イボタノキ","Ligustrum obtusifolium Siebold et Zucc.","モクセイ科","Oleaceae"
787972080,"h","イワイチョウ","Nephrophyllidium crista-galli (Menzies ex Hook.) Gilg  subsp. japonicum (Franch.) Yonek. et H.Ohashi","ミツガシワ科","Menyanthaceae"
787921160,"h","イワウチワ","Shortia uniflora (Maxim.) Maxim.","イワウメ科","Diapensiaceae"
787552020,"h","イワオウギ","Hedysarum vicioides Turcz.  subsp. japonicum (B.Fedtsch.) B.H.Choi et H.Ohashi  var. japonicum (B.Fedtsch.) B.H.Choi et H.Ohashi","マメ科","Fabaceae"
787921160,"h","イワカガミ","Schizocodon soldanelloides Siebold et Zucc.  var. soldanelloides","イワウメ科","Diapensiaceae"
771001030,"h","イワショウブ","Triantha japonica (Miq.) Baker","チシマゼキショウ科","Tofieldiaceae"
776005100,"h","イワスゲ","Carex stenantha Franch. et Sav.  var. stenantha","カヤツリグサ科","Cyperaceae"
787921240,"ds","イワナシ","Epigaea asiatica Maxim.","ツツジ科","Ericaceae"
500007060,"f","イワハリガネワラビ","Thelypteris musashiensis (Hiyama) Nakato, Sahashi et M.Kato","ヒメシダ科","Thelypteridaceae"
787921240,"bs","ウスノキ","Vaccinium hirtum Thunb.  var. pubescens (Koidz.) T.Yamaz.","ツツジ科","Ericaceae"
787555070,"bl","ウダイカンバ","Betula maximowicziana Regel","カバノキ科","Betulaceae"
787982060,"h","ウド","Aralia cordata Thunb.","ウコギ科","Araliaceae"
787921240,"h","ウメガサソウ","Chimaphila japonica Miq.","ツツジ科","Ericaceae"
787801050,"h","ウラジロタデ","Aconogonon weyrichii (F.Schmidt) H.Hara  var. weyrichii","タデ科","Polygonaceae"
787553010,"bs","ウラジロナナカマド","Sorbus matsumurana (Makino) Koehne","バラ科","Rosaceae"
787921240,"bs","ウラジロハナヒリノキ","Eubotryoides grayana (Maxim.) H.Hara  var. hypoleuca (Nakai) H.Hara","ツツジ科","Ericaceae"
787921240,"bs","ウラジロヨウラク","Rhododendron multiflorum (Maxim.) Craven","ツツジ科","Ericaceae"
787563050,"bl","ウリハダカエデ","Acer rufinerve Siebold et Zucc.","ムクロジ科","Sapindaceae"
787553010,"bl","ウワミズザクラ","Padus grayana (Maxim.) C.K.Schneid.","バラ科","Rosaceae"
787911030,"bs","エゾアジサイ","Hydrangea serrata (Thunb.) Ser.  var. yesoensis (Koidz.) H.Ohba","アジサイ科","Hydrangeaceae"
787401050,"bs","エゾユズリハ","Daphniphyllum macropodum Miq.  subsp. humile (Maxim. ex Franch. et Sav.) Hurus.","ユズリハ科","Daphniphyllaceae"
787501010,"l","エビヅル","Vitis ficifolia Bunge","ブドウ科","Vitaceae"
774001020,"h","エンレイソウ","Trillium apetalon Makino","シュロソウ科","Melanthiaceae"
787801050,"h","オオイタドリ","Fallopia sachalinensis (F.Schmidt) Ronse Decr.","タデ科","Polygonaceae"
787563050,"bl","オオイタヤメイゲツ","Acer shirasawanum Koidz.","ムクロジ科","Sapindaceae"
787981010,"bs","オオカメノキ","Viburnum furcatum Blume ex Maxim.","ガマズミ科","Viburnaceae"
787951030,"l","オオカモメヅル","Vincetoxicum aristolochioides (Miq.) Franch. et Sav.","キョウチクトウ科","Apocynaceae"
630001010,"cl","オオシラビソ","Abies mariesii Mast.","マツ科","Pinaceae"
775001140,"h","オオナルコユリ","Polygonatum macranthum (Maxim.) Koidz.","クサスギカズラ科","Asparagaceae"
775001140,"h","オオバギボウシ","Hosta sieboldiana (Hook.) Engl.  var. sieboldiana","クサスギカズラ科","Asparagaceae"
760004070,"bs","オオバクロモジ","Lindera umbellata Thunb.  var. membranacea (Maxim.) Momiy. ex H.Hara et M.Mizush.","クスノキ科","Lauraceae"
787963060,"h","オオバコ","Plantago asiatica L.","オオバコ科","Plantaginaceae"
500007060,"f","オオバショリマ","Thelypteris quelpaertensis (Christ) Ching","ヒメシダ科","Thelypteridaceae"
787921240,"bs","オオバスノキ","Vaccinium smallii A.Gray  var. smallii","ツツジ科","Ericaceae"
774001110,"h","オオバタケシマラン","Streptopus amplexifolius (L.) DC.  var. papillatus Ohwi","ユリ科","Liliaceae"
787982100,"h","オオハナウド","Heracleum lanatum Michx.  var. lanatum","セリ科","Apiaceae"
787951010,"h","オオバノヨツバムグラ","Galium kamtschaticum Steller ex Roem. et Schult.  var. acutifolium H.Hara","アカネ科","Rubiaceae"
787563050,"bs","オガラバナ","Acer ukurunduense Trautv. et C.A.Mey.","ムクロジ科","Sapindaceae"
787972110,"h","オクモミジハグマ","Ainsliaea acerifolia Sch.Bip.  var. subapoda Nakai","キク科","Asteraceae"
500007100,"f","オシダ","Dryopteris crassirhizoma Nakai","オシダ科","Dryopteridaceae"
787553010,"h","オニシモツケ","Filipendula camtschatica (Pall.) Maxim.","バラ科","Rosaceae"
787559291,"bl","オノエヤナギ","Salix udensis Trautv. et C.A.Mey.","ヤナギ科","Salicaceae"
787553010,"bl","カスミザクラ","Cerasus leveilleana (Koehne) H.Ohba","バラ科","Rosaceae"
787972110,"h","カニコウモリ","Parasenecio adenostyloides (Franch. et Sav. ex Maxim.) H.Koyama","キク科","Asteraceae"
787963120,"h","カメバヒキオコシ","Isodon umbrosus (Maxim.) H.Hara  var. leucanthus (Murai) K.Asano  f. kameba (Okuyama ex Ohwi) K.Asano","シソ科","Lamiaceae"
500007070,"f","カラクサイヌワラビ","Athyrium clivicola Tagawa","メシダ科","Athyriaceae"
787921240,"ds","ガンコウラン","Empetrum nigrum L.  var. japonicum K. Koch","ツツジ科","Ericaceae"
787972110,"h","キオン","Senecio nemorensis L.","キク科","Asteraceae"
500006040,"f","キジノオシダ","Plagiogyria japonica Nakai","キジノオシダ科","Plagiogyriaceae"
775001010,"h","キソチドリ","Platanthera ophrydioides F.Schmidt","ラン科","Orchidaceae"
630001010,"cl","キタゴヨウ","Pinus parviflora Siebold et Zucc.  var. pentaphylla (Mayr) A.Henry","マツ科","Pinaceae"
774001020,"h","キヌガサソウ","Kinugasa japonica (Franch. et Sav.) Tatew. et C.Sutô","シュロソウ科","Melanthiaceae"
787563190,"bl","キハダ","Phellodendron amurense Rupr.  var. amurense","ミカン科","Rutaceae"
787921240,"bs","キバナシャクナゲ","Rhododendron aureum Georgi","ツツジ科","Ericaceae"
500007070,"f","キヨタキシダ","Diplazium squamigerum (Mett.) C.Hope","メシダ科","Athyriaceae"
787401110,"h","キリンソウ","Phedimus aizoon (L.) 't Hart  var. floribundus (Nakai) H.Ohba","ベンケイソウ科","Crassulaceae"
773001010,"h","キンコウカ","Narthecium asiaticum Maxim.","キンコウカ科","Nartheciaceae"
787553010,"h","キンミズヒキ","Agrimonia pilosa Ledeb.  var. japonica (Miq.) Nakai","バラ科","Rosaceae"
787921240,"h","ギンリョウソウ","Monotropastrum humile (D.Don) H.Hara","ツツジ科","Ericaceae"
787911030,"bs","クサアジサイ","Hydrangea alternifolia Siebold","アジサイ科","Hydrangeaceae"
776005170,"sasa","クマイザサ","Sasa senanensis (Franch. et Sav.) Rehder","イネ科","Poaceae"
787553010,"bs","クマイチゴ","Rubus crataegifolius Bunge","バラ科","Rosaceae"
787555070,"bl","クマシデ","Carpinus japonica Blume","カバノキ科","Betulaceae"
787951010,"h","クルマバソウ","Galium odoratum (L.) Scop.","アカネ科","Rubiaceae"
787972110,"h","クルマバハグマ","Pertya rigidula (Miq.) Makino","キク科","Asteraceae"
787921240,"bs","クロウスゴ","Vaccinium ovalifolium Sm.","ツツジ科","Ericaceae"
787556040,"bs","クロツリバナ","Euonymus tricarpus Koidz.","ニシキギ科","Celastraceae"
787556040,"bs","クロヅル","Tripterygium regelii Sprague et Takeda","ニシキギ科","Celastraceae"
787972110,"h","クロトウヒレン","Saussurea sessiliflora (Koidz.) Kitam.","キク科","Asteraceae"
787921240,"bs","クロマメノキ","Vaccinium uliginosum L.  var. japonicum T.Yamaz.","ツツジ科","Ericaceae"
787555070,"bl","ケヤマハンノキ","Alnus hirsuta Turcz.  var. hirsuta","カバノキ科","Betulaceae"
775001010,"h","コイチヨウラン","Ephippianthus schmidtii Rchb.f.","ラン科","Orchidaceae"
787972110,"h","コウゾリナ","Picris hieracioides L.  subsp. japonica (Thunb.) Krylov","キク科","Asteraceae"
787553010,"ds","コガネイチゴ","Rubus pedatus Sm.","バラ科","Rosaceae"
776005100,"h","コカンスゲ","Carex reinii Franch. et Sav.","カヤツリグサ科","Cyperaceae"
500002010,"f","コケシノブ","Hymenophyllum wrightii Bosch","コケシノブ科","Hymenophyllaceae"
787921240,"ds","コケモモ","Vaccinium vitis-idaea L.","ツツジ科","Ericaceae"
787982060,"bl","コシアブラ","Chengiopanax sciadophylloides (Franch. et Sav.) C.B.Shang et J.Y.Huang","ウコギ科","Araliaceae"
787911020,"h","ゴゼンタチバナ","Cornus canadensis L.","ミズキ科","Cornaceae"
787921120,"h","コナスビ","Lysimachia japonica Thunb.","サクラソウ科","Primulaceae"
787555020,"bl","コナラ","Quercus serrata Murray","ブナ科","Fagaceae"
774001020,"h","コバイケイソウ","Veratrum stamineum Maxim.","シュロソウ科","Melanthiaceae"
787563050,"bl","コハウチワカエデ","Acer sieboldianum Miq.","ムクロジ科","Sapindaceae"
775001010,"h","コバノトンボソウ","Platanthera nipponica Makino  var. nipponica","ラン科","Orchidaceae"
775001010,"h","コフタバラン","Neottia cordata (L.) Rich.","ラン科","Orchidaceae"
776005170,"h","コブナグサ","Arthraxon hispidus (Thunb.) Makino","イネ科","Poaceae"
787972110,"h","ゴマナ","Aster glehnii F.Schmidt  var. hondoensis Kitam.","キク科","Asteraceae"
787556040,"bs","コマユミ","Euonymus alatus (Thunb.) Siebold  var. alatus  f. striatus (Thunb.) Makino","ニシキギ科","Celastraceae"
787563050,"bs","コミネカエデ","Acer micranthum Siebold et Zucc.","ムクロジ科","Sapindaceae"
787558020,"h","コミヤマカタバミ","Oxalis acetosella L.","カタバミ科","Oxalidaceae"
776005170,"h","コメススキ","Avenella flexuosa (L.) Drejer","イネ科","Poaceae"
630001010,"cl","コメツガ","Tsuga diversifolia (Maxim.) Mast.","マツ科","Pinaceae"
787921240,"bs","コヨウラクツツジ","Rhododendron pentandrum (Maxim.) Craven","ツツジ科","Ericaceae"
775001010,"h","サイハイラン","Cremastra appendiculata (D.Don) Makino  var. variabilis (Blume) I.D.Lund","ラン科","Orchidaceae"
500007100,"f","サカゲイノデ","Polystichum retrosopaleaceum (Kodama) Tagawa","オシダ科","Dryopteridaceae"
774001110,"h","ササユリ","Lilium japonicum Houtt.","ユリ科","Liliaceae"
781001070,"h","サラシナショウマ","Cimicifuga simplex (DC.) Wormsk. ex Turcz.","キンポウゲ科","Ranunculaceae"
787555041,"bl","サワグルミ","Pterocarya rhoifolia Siebold et Zucc.","クルミ科","Juglandaceae"
787556040,"ds","サワダツ","Euonymus melananthus Franch. et Sav.","ニシキギ科","Celastraceae"
787921150,"bs","サワフタギ","Symplocos sawafutagi Nagam.","ハイノキ科","Symplocaceae"
781001060,"h","サンカヨウ","Diphylleia grayi F.Schmidt","メギ科","Berberidaceae"
500007070,"f","シケシダ","Deparia japonica (Thunb.) M.Kato","メシダ科","Athyriaceae"
500007070,"f","シケチシダ","Athyrium decurrentialatum (Hook.) Copel.","メシダ科","Athyriaceae"
500007080,"f","シシガシラ","Struthiopteris niponica (Kunze) Nakai","シシガシラ科","Blechnaceae"
787564040,"bl","シナノキ","Tilia japonica (Miq.) Simonk.","アオイ科","Malvaceae"
500007100,"f","シノブカグマ","Arachniodes mutica (Franch. et Sav.) Ohwi","オシダ科","Dryopteridaceae"
787553010,"h","シモツケソウ","Filipendula multijuga Maxim.","バラ科","Rosaceae"
500007100,"f","ジュウモンジシダ","Polystichum tripteron (Kunze) C.Presl","オシダ科","Dryopteridaceae"
775001010,"h","シュスラン","Goodyera velutina Maxim.","ラン科","Orchidaceae"
774001020,"h","シュロソウ","Veratrum maackii Regel  var. reymondianum (O.Loes.) H.Hara","シュロソウ科","Melanthiaceae"
776005100,"h","ショウジョウスゲ","Carex blepharicarpa Franch.","カヤツリグサ科","Cyperaceae"
774001020,"h","ショウジョウバカマ","Heloniopsis orientalis (Thunb.) Tanaka","シュロソウ科","Melanthiaceae"
787921240,"ds","シラタマノキ","Gaultheria pyroloides Hook.f. et Thomson ex Miq.","ツツジ科","Ericaceae"
781001070,"h","シラネアオイ","Glaucidium palmatum Siebold et Zucc.","キンポウゲ科","Ranunculaceae"
787982100,"h","シラネセンキュウ","Angelica polymorpha Maxim.","セリ科","Apiaceae"
787982100,"h","シラネニンジン","Tilingia ajanensis Regel","セリ科","Apiaceae"
500007100,"f","シラネワラビ","Dryopteris expansa (C.Presl) Fraser-Jenk. et Jermy","オシダ科","Dryopteridaceae"
630001050,"cl","スギ","Cryptomeria japonica (L.f.) D.Don","ヒノキ科","Cupressaceae"
300001010,"f","スギナ","Equisetum arvense L.","トクサ科","Equisetaceae"
787921240,"bs","スノキ","Vaccinium smallii A.Gray  var. glabrum Koidz.","ツツジ科","Ericaceae"
787559250,"h","スミレサイシン","Viola vaginata Maxim.","スミレ科","Violaceae"
787972110,"h","セイヨウタンポポ","Taraxacum officinale Weber ex F.H.Wigg.","キク科","Asteraceae"
775001120,"h","ゼンテイカ","Hemerocallis middendorffii Trautv. et C.A.Mey.  var. esculenta (Koidz.) Ohwi","ワスレグサ科","Asphodelaceae"
500001010,"f","ゼンマイ","Osmunda japonica Thunb.","ゼンマイ科","Osmundaceae"
787553010,"bs","タカネナナカマド","Sorbus sambucifolia (Cham. et Schltdl.) M.Roem.","バラ科","Rosaceae"
787982060,"bl","タカノツメ","Gamblea innovans (Siebold et Zucc.) C.B.Shang, Lowry et Frodin","ウコギ科","Araliaceae"
787555070,"bl","ダケカンバ","Betula ermanii Cham.","カバノキ科","Betulaceae"
774001110,"h","タケシマラン","Streptopus streptopoides (Ledeb.) Frye et Rigg  subsp. japonicus (Maxim.) Utech et Kawano","ユリ科","Liliaceae"
774001090,"h","タチシオデ","Smilax nipponica Miq.","サルトリイバラ科","Smilacaceae"
787972110,"h","タテヤマアザミ","Cirsium otayae Kitam.","キク科","Asteraceae"
787951020,"h","タテヤマリンドウ","Gentiana thunbergii (G.Don) Griseb.  var. minor Maxim.","リンドウ科","Gentianaceae"
787981021,"bs","タニウツギ","Weigela hortensis (Siebold et Zucc.) K.Koch","スイカズラ科","Caprifoliaceae"
787972030,"h","タニギキョウ","Peracarpa carnosa (Wall.) Hook.f. et Thomson","キキョウ科","Campanulaceae"
760003020,"bs","タムシバ","Magnolia salicifolia (Siebld et Zucc.) Maxim.","モクレン科","Magnoliaceae"
787982060,"bs","タラノキ","Aralia elata (Miq.) Seem.","ウコギ科","Araliaceae"
774001040,"h","チゴユリ","Disporum smilacinum A.Gray","イヌサフラン科","Colchicaceae"
776005170,"sasa","チシマザサ","Sasa kurilensis (Rupr.) Makino et Shibata","イネ科","Poaceae"
776005170,"h","チヂミザサ","Oplismenus undulatifolius (Ard.) Roem. et Schult.","イネ科","Poaceae"
787553010,"ds","チングルマ","Sieversia pentapetala (L.) Greene","バラ科","Rosaceae"
774001020,"h","ツクバネソウ","Paris tetraphylla A.Gray","シュロソウ科","Melanthiaceae"
787555070,"bs","ツノハシバミ","Corylus sieboldiana Blume  var. sieboldiana","カバノキ科","Betulaceae"
774001110,"h","ツバメオモト","Clintonia udensis Trautv. et C.A.Mey.","ユリ科","Liliaceae"
787921120,"h","ツマトリソウ","Trientalis europaea L.","サクラソウ科","Primulaceae"
787556040,"bs","ツリバナ","Euonymus oxyphyllus Miq.  var. oxyphyllus","ニシキギ科","Celastraceae"
787951010,"h","ツルアリドオシ","Mitchella undulata Siebold et Zucc.","アカネ科","Rubiaceae"
787563190,"ds","ツルシキミ","Skimmia japonica Thunb.  var. intermedia Komatsu  f. repens (Nakai) Ohwi","ミカン科","Rutaceae"
787971050,"ds","ツルツゲ","Ilex rugosa F.Schmidt","モチノキ科","Aquifoliaceae"
787972030,"h","ツルニンジン","Codonopsis lanceolata (Siebold et Zucc.) Trautv.","キキョウ科","Campanulaceae"
787951020,"h","ツルリンドウ","Tripterospermum japonicum (Siebold et Zucc.) Maxim.","リンドウ科","Gentianaceae"
775001010,"h","テガタチドリ","Gymnadenia conopsea (L.) R.Br.","ラン科","Orchidaceae"
787963120,"h","テンニンソウ","Comanthosphace japonica (Miq.) S.Moore","シソ科","Lamiaceae"
111101010,"f","トウゲシバ","Huperzia serrata (Thunb.) Trevis.","ヒカゲノカズラ科","Lycopodiaceae"
787963120,"h","トウバナ","Clinopodium gracile (Benth.) Kuntze","シソ科","Lamiaceae"
787921160,"h","トクワカソウ","Shortia uniflora (Maxim.) Maxim.  var. orbicularis Honda","イワウメ科","Diapensiaceae"
787563050,"bl","トチノキ","Aesculus turbinata Blume","ムクロジ科","Sapindaceae"
787982060,"h","トチバニンジン","Panax japonicus (T.Nees) C.A.Mey.","ウコギ科","Araliaceae"
775001010,"h","トンボソウ","Platanthera ussuriensis (Regel et Maack) Maxim.","ラン科","Orchidaceae"
787921240,"bs","ナツハゼ","Vaccinium oldhamii Miq.","ツツジ科","Ericaceae"
787553010,"bs","ナナカマド","Sorbus commixta Hedl.","バラ科","Rosaceae"
775001140,"h","ナルコユリ","Polygonatum falcatum A.Gray","クサスギカズラ科","Asparagaceae"
787981010,"bs","ニワトコ","Sambucus racemosa L.  subsp. sieboldiana (Miq.) H.Hara","ガマズミ科","Viburnaceae"
787552020,"bs","ヌスビトハギ","Hylodesmum podocarpum (DC.) H.Ohashi & R.R.Mill  subsp. oxyphyllum (DC.) H.Ohashi & R.R.Mill  var. japonicum (Miq.) H.Ohashi","マメ科","Fabaceae"
776005170,"h","ヌマガヤ","Moliniopsis japonica (Hack.) Hayata","イネ科","Poaceae"
787555070,"bl","ネコシデ","Betula corylifolia Regel et Maxim.","カバノキ科","Betulaceae"
630001050,"cl","ネズコ","Thuja standishii (Gordon) Carrière","ヒノキ科","Cupressaceae"
773001010,"h","ネバリノギラン","Aletris foliata (Maxim.) Bureau et Franch.","キンコウカ科","Nartheciaceae"
500007150,"f","ノキシノブ","Lepisorus thunbergianus (Kaulf.) Ching","ウラボシ科","Polypodiaceae"
787972110,"h","ノコンギク","Aster microcephalus (Miq.) Franch. et Sav.  var. ovatus (Franch. et Sav.) Soejima et Mot.Ito","キク科","Asteraceae"
787911030,"bs","ノリウツギ","Hydrangea paniculata Siebold","アジサイ科","Hydrangeaceae"
630001061,"cs","ハイイヌガヤ","Cephalotaxus harringtonia (Knight ex Forbes) K.Koch  var. nana (Nakai) Rehder","イチイ科","Taxaceae"
787971050,"ds","ハイイヌツゲ","Ilex crenata Thunb.  var. radicans (Nakai) Murai","モチノキ科","Aquifoliaceae"
630001010,"cs","ハイマツ","Pinus pumila (Pall.) Regel","マツ科","Pinaceae"
787563050,"bl","ハウチワカエデ","Acer japonicum Thunb.","ムクロジ科","Sapindaceae"
787921240,"bs","ハクサンシャクナゲ","Rhododendron brachycarpum D.Don ex G.Don","ツツジ科","Ericaceae"
500007070,"f","ハクモウイノデ","Deparia jiulungensis (Ching) Z.R.Wang  var. albosquamata (M.Kato) Z.R.Wang","メシダ科","Athyriaceae"
787559291,"bl","バッコヤナギ","Salix caprea L.","ヤナギ科","Salicaceae"
787971040,"bs","ハナイカダ","Helwingia japonica (Thunb.) F.Dietr.","ハナイカダ科","Helwingiaceae"
787921240,"bs","ハナヒリノキ","Eubotryoides grayana (Maxim.) H.Hara  var. grayana","ツツジ科","Ericaceae"
787921240,"ds","ハリガネカズラ","Gaultheria japonica (A.Gray) Sleumer","ツツジ科","Ericaceae"
500007060,"f","ハリガネワラビ","Thelypteris japonica (Baker) Ching","ヒメシダ科","Thelypteridaceae"
787982060,"bl","ハリギリ","Kalopanax septemlobus (Thunb.) Koidz.","ウコギ科","Araliaceae"
787982060,"bs","ハリブキ","Oplopanax japonicus (Nakai) Nakai","ウコギ科","Araliaceae"
776005170,"h","ヒゲノガリヤス","Deyeuxia longiseta (Hack.) Ohwi","イネ科","Poaceae"
787563050,"bl","ヒトツバカエデ","Acer distylum Siebold et Zucc.","ムクロジ科","Sapindaceae"
787931020,"bs","ヒメアオキ","Aucuba japonica Thunb.  var. borealis Miyabe et Kudô","アオキ科","Aucubaceae"
787921240,"bs","ヒメウスノキ","Vaccinium yatabei Makino","ツツジ科","Ericaceae"
760002050,"h","ヒメカンアオイ","Asarum takaoi F.Maek.  var. takaoi","ウマノスズクサ科","Aristolochiaceae"
776005100,"h","ヒメカンスゲ","Carex conica Boott  var. conica","カヤツリグサ科","Cyperaceae"
787553010,"ds","ヒメゴヨウイチゴ","Rubus pseudojaponicus Koidz.","バラ科","Rosaceae"
774001110,"h","ヒメタケシマラン","Streptopus streptopoides (Ledeb.) Frye et Rigg  subsp. streptopoides","ユリ科","Liliaceae"
776005170,"h","ヒメノガリヤス","Deyeuxia hakonensis (Franch. et Sav.) Keng","イネ科","Poaceae"
787971050,"ds","ヒメモチ","Ilex leucoclada (Maxim.) Makino","モチノキ科","Aquifoliaceae"
500007060,"f","ヒメワラビ","Thelypteris torresiana (Gaudich.) Alston  var. calvata (Baker) K.Iwats.","ヒメシダ科","Thelypteridaceae"
776005100,"h","ヒロバスゲ","Carex insaniae Koidz.  var. insaniae","カヤツリグサ科","Cyperaceae"
771001020,"h","ヒロハテンナンショウ","Arisaema ovale Nakai  var. sadoense (Nakai) J.Murata","サトイモ科","Araceae"
775001140,"h","ヒロハユキザサ","Maianthemum yesoense (Franch. et Sav.) LaFrankie","クサスギカズラ科","Asparagaceae"
787971050,"bs","フウリンウメモドキ","Ilex geniculata Maxim.","モチノキ科","Aquifoliaceae"
787972110,"h","フキ","Petasites japonicus (Siebold et Zucc.) Maxim.","キク科","Asteraceae"
787555020,"bl","ブナ","Fagus crenata Blume","ブナ科","Fagaceae"
787553010,"bs","フユイチゴ","Rubus buergeri Miq.","バラ科","Rosaceae"
500007100,"f","ベニシダ","Dryopteris erythrosora (D.C.Eaton) Kuntze","オシダ科","Dryopteridaceae"
787553010,"bs","ベニバナイチゴ","Rubus vernus Focke","バラ科","Rosaceae"
774001040,"h","ホウチャクソウ","Disporum sessile D.Don ex Schult. et Schult.f.  var. sessile","イヌサフラン科","Colchicaceae"
760003020,"bl","ホオノキ","Magnolia obovata Thunb.","モクレン科","Magnoliaceae"
111101010,"f","ホソバトウゲシバ","Huperzia serrata (Thunb.) Trevis.  var. serrata","ヒカゲノカズラ科","Lycopodiaceae"
500007100,"f","ホソバナライシダ","Arachniodes borealis Seriz.","オシダ科","Dryopteridaceae"
787921240,"bs","ホツツジ","Elliottia paniculata (Siebold et Zucc.) Hook.f.","ツツジ科","Ericaceae"
787921240,"bs","ホンミツバツツジ","Rhododendron dilatatum Miq.  subsp. dilatatum  var. dilatatum","ツツジ科","Ericaceae"
775001140,"h","マイヅルソウ","Maianthemum dilatatum (Alph.Wood) A.Nelson et J.F.Macbr.","クサスギカズラ科","Asparagaceae"
771001020,"h","マムシグサ","Arisaema japonicum Blume","サトイモ科","Araceae"
787556040,"bs","マユミ","Euonymus sieboldianus Blume  var. sieboldianus","ニシキギ科","Celastraceae"
787972110,"h","マルバダケブキ","Ligularia dentata (A.Gray) H.Hara","キク科","Asteraceae"
787401020,"bs","マルバマンサク","Hamamelis japonica Siebold et Zucc.  var. discolor (Nakai) Sugim.  f. obtusata (Makino) H.Ohba","マンサク科","Hamamelidaceae"
111101010,"f","マンネンスギ","Lycopodium dendroideum Michx.","ヒカゲノカズラ科","Lycopodiaceae"
776005100,"h","ミカヅキグサ","Rhynchospora alba (L.) Vahl","カヤツリグサ科","Cyperaceae"
500007100,"f","ミサキカグマ","Dryopteris chinensis (Baker) Koidz.","オシダ科","Dryopteridaceae"
787911020,"bl","ミズキ","Cornus controversa Hemsl.  var. controversa","ミズキ科","Cornaceae"
787555020,"bl","ミズナラ","Quercus crispula Blume  var. crispula","ブナ科","Fagaceae"
771001020,"h","ミズバショウ","Lysichiton camtschatcensis (L.) Schott","サトイモ科","Araceae"
787555070,"bl","ミズメ","Betula grossa Siebold et Zucc.","カバノキ科","Betulaceae"
500007060,"f","ミゾシダ","Thelypteris pozoi (Lag.) C.V.Morton  subsp. mollissima (Fisch. ex Kunze) C.V.Morton","ヒメシダ科","Thelypteridaceae"
781001070,"h","ミツバオウレン","Coptis trifolia (L.) Salisb.","キンポウゲ科","Ranunculaceae"
781001070,"h","ミツバノバイカオウレン","Coptis trifoliolata (Makino) Makino","キンポウゲ科","Ranunculaceae"
787563050,"bs","ミネカエデ","Acer tschonoskii Maxim.","ムクロジ科","Sapindaceae"
787972110,"h","ミヤマアキノキリンソウ","Solidago virgaurea L.  subsp. leiocarpa (Benth.) Hultén","キク科","Asteraceae"
500007100,"f","ミヤマイタチシダ","Dryopteris sabae (Franch. et Sav.) C.Chr.","オシダ科","Dryopteridaceae"
776005100,"h","ミヤマイヌノハナヒゲ","Rhynchospora yasudana Makino","カヤツリグサ科","Cyperaceae"
787963020,"ds","ミヤマイボタ","Ligustrum tschonoskii Decne.","モクセイ科","Oleaceae"
775001010,"h","ミヤマウズラ","Goodyera schlechtendaliana Rchb.f.","ラン科","Orchidaceae"
787558020,"h","ミヤマカタバミ","Oxalis nipponica S.Aoki et J.Murata  subsp. nipponica","カタバミ科","Oxalidaceae"
776005100,"h","ミヤマカンスゲ","Carex multifolia Ohwi  var. multifolia","カヤツリグサ科","Cyperaceae"
787563190,"ds","ミヤマシキミ","Skimmia japonica Thunb.  var. japonica","ミカン科","Rutaceae"
787981010,"ds","ミヤマシグレ","Viburnum urceolatum Siebold et Zucc.  f. procumbens (Nakai) H.Hara","ガマズミ科","Viburnaceae"
500007070,"f","ミヤマシケシダ","Deparia pycnosora (Christ) M.Kato","メシダ科","Athyriaceae"
787982100,"h","ミヤマシシウド","Angelica pubescens Maxim.  var. matsumurae (Y.Yabe) Ohwi","セリ科","Apiaceae"
500007080,"f","ミヤマシシガシラ","Struthiopteris castanea (Makino) Nakai","シシガシラ科","Blechnaceae"
787982100,"h","ミヤマセンキュウ","Conioselinum chinense (L.) Britton, Sterns et Poggenb.  var. filicinum (H.Wolff)","セリ科","Apiaceae"
787541030,"h","ミヤマタニタデ","Circaea alpina L.  subsp. alpina","アカバナ科","Onagraceae"
500007150,"f","ミヤマノキシノブ","Lepisorus ussuriensis (Regel et Maack) Ching  var. distans (Makino) Tagawa","ウラボシ科","Polypodiaceae"
787555070,"bs","ミヤマハンノキ","Alnus alnobetula (Ehrh.) K.Koch  subsp. maximowiczii (Callier) Chery","カバノキ科","Betulaceae"
500007100,"f","ミヤマベニシダ","Dryopteris monticola (Makino) C.Chr.","オシダ科","Dryopteridaceae"
776005100,"h","ミヤマホタルイ","Schoenoplectiella hondoensis (Ohwi) Hayasaka","カヤツリグサ科","Cyperaceae"
787921240,"bs","ミヤマホツツジ","Elliottia bracteata (Maxim.) Hook.f.","ツツジ科","Ericaceae"
500007070,"f","ミヤマメシダ","Athyrium melanolepis (Franch. et Sav.) Christ","メシダ科","Athyriaceae"
500007060,"f","ミヤマワラビ","Thelypteris phegopteris (L.) Sloss. ex Rydb.","ヒメシダ科","Thelypteridaceae"
787921240,"bs","ムラサキヤシオツツジ","Rhododendron albrechtii Maxim.","ツツジ科","Ericaceae"
500007070,"f","メシダ","Athyrium filix-foemina (L.) Roth","メシダ科","Athyriaceae"
787801060,"h","モウセンゴケ","Drosera rotundifolia L.","モウセンゴケ科","Droseraceae"
781001070,"h","モミジカラマツ","Trautvetteria japonica Siebold et Zucc.","キンポウゲ科","Ranunculaceae"
787972110,"h","モミジハグマ","Ainsliaea acerifolia Sch.Bip.  var. acerifolia","キク科","Asteraceae"
787401090,"h","ヤグルマソウ","Rodgersia podophylla A.Gray","ユキノシタ科","Saxifragaceae"
776005100,"h","ヤチカワズスゲ","Carex omiana Franch. et Sav.  var. omiana","カヤツリグサ科","Cyperaceae"
776005100,"h","ヤチスゲ","Carex limosa L.","カヤツリグサ科","Cyperaceae"
787921120,"ds","ヤブコウジ","Ardisia japonica (Thunb.) Blume","サクラソウ科","Primulaceae"
787911030,"bs","ヤマアジサイ","Hydrangea serrata (Thunb.) Ser.  var. serrata","アジサイ科","Hydrangeaceae"
500007070,"f","ヤマイヌワラビ","Athyrium vidalii (Franch. et Sav.) Nakai","メシダ科","Athyriaceae"
787563040,"bs","ヤマウルシ","Toxicodendron trichocarpum (Miq.) Kuntze","ウルシ科","Anacardiaceae"
787981010,"ds","ヤマシグレ","Viburnum urceolatum Siebold et Zucc.","ガマズミ科","Viburnaceae"
500006040,"f","ヤマソテツ","Plagiogyria matsumurana Makino","キジノオシダ科","Plagiogyriaceae"
787963120,"h","ヤマトウバナ","Clinopodium multicaule (Maxim.) Kuntze","シソ科","Lamiaceae"
775001140,"h","ヤマトユキザサ","Maianthemum viridiflorum (Nakai) H.Li","クサスギカズラ科","Asparagaceae"
500001010,"f","ヤマドリゼンマイ","Osmundastrum cinnamomeum (L.) C.Presl  var. fokiense (Copel.) Tagawa","ゼンマイ科","Osmundaceae"
787972110,"h","ヤマハハコ","Anaphalis margaritacea (L.) Benth. et Hook.f.  var. margaritacea","キク科","Asteraceae"
787555070,"bl","ヤマハンノキ","Alnus hirsuta Turcz.  var. sibirica (Spach) C.K.Schneid.","カバノキ科","Betulaceae"
787553010,"h","ヤマブキショウマ","Aruncus dioicus (Walter) Fernald  var. kamtschaticus (Maxim.) H.Hara","バラ科","Rosaceae"
787911020,"bl","ヤマボウシ","Cornus kousa Buerger ex Hance  subsp. kousa","ミズキ科","Cornaceae"
787563050,"bl","ヤマモミジ","Acer amoenum Carrière  var. matsumurae (Koidz.) K.Ogata","ムクロジ科","Sapindaceae"
500007060,"f","ヤワラシダ","Thelypteris laxa (Franch. et Sav.) Ching","ヒメシダ科","Thelypteridaceae"
775001140,"h","ユキザサ","Maianthemum japonicum (A.Gray) LaFrankie","クサスギカズラ科","Asparagaceae"
787921240,"bs","ヨウラクツツジ","Rhododendron kroniae Craven","ツツジ科","Ericaceae"
787972110,"h","ヨツバヒヨドリ","Eupatorium glehnii F.Schmidt ex Trautv.","キク科","Asteraceae"
787972110,"h","ヨモギ","Artemisia indica Willd.  var. maximowiczii (Nakai) H.Hara","キク科","Asteraceae"
787921210,"bl","リョウブ","Clethra barbinervis Siebold et Zucc.","リョウブ科","Clethraceae"
500007100,"f","リョウメンシダ","Arachniodes standishii (T.Moore) Ohwi","オシダ科","Dryopteridaceae"
776005100,"h","ワタスゲ","Eriophorum vaginatum L.  subsp. fauriei (E.G.Camus) A. et D.Löve","カヤツリグサ科","Cyperaceae"
787553010,"h","ワレモコウ","Sanguisorba officinalis L.","バラ科","Rosaceae"
